{
  "timestamp": "2025-08-02T14:36:30.601456",
  "model": "gpt2-small",
  "device": "cuda",
  "experiments": {},
  "layer_analysis": {
    "layer_6": {
      "n_significant_dims": 0,
      "top_dims": [
        625,
        662,
        234,
        549,
        336,
        700,
        571,
        311,
        444,
        26
      ],
      "max_t_stat": 1.0391081849248294,
      "min_p_value": 0.30396056581161135
    },
    "layer_7": {
      "n_significant_dims": 0,
      "top_dims": [
        327,
        662,
        571,
        336,
        234,
        444,
        168,
        119,
        625,
        513
      ],
      "max_t_stat": 0.7953275513309612,
      "min_p_value": 0.4303384335672258
    },
    "layer_8": {
      "n_significant_dims": 0,
      "top_dims": [
        26,
        625,
        336,
        639,
        41,
        444,
        662,
        421,
        274,
        234
      ],
      "max_t_stat": 0.7870124832459254,
      "min_p_value": 0.4351433466691499
    },
    "layer_9": {
      "n_significant_dims": 0,
      "top_dims": [
        234,
        662,
        513,
        645,
        587,
        26,
        443,
        625,
        635,
        653
      ],
      "max_t_stat": 0.45425808296553394,
      "min_p_value": 0.6516906337327021
    },
    "layer_10": {
      "n_significant_dims": 0,
      "top_dims": [
        593,
        443,
        653,
        635,
        655,
        465,
        662,
        352,
        311,
        642
      ],
      "max_t_stat": 0.4395581722495058,
      "min_p_value": 0.6622298425226552
    },
    "layer_11": {
      "n_significant_dims": 0,
      "top_dims": [
        655,
        767,
        667,
        465,
        635,
        593,
        653,
        443,
        764,
        549
      ],
      "max_t_stat": 0.456675919025443,
      "min_p_value": 0.6499639276942011
    }
  },
  "best_layer": null,
  "best_effect": 0
}