{
  "timestamp": "2025-08-02T14:41:40.963876",
  "model": "gpt2-small",
  "device": "cuda",
  "analysis_type": "REAL_NEURAL_MECHANISTIC_INTERPRETABILITY",
  "layer_analysis": {
    "layer_7": {
      "n_significant": 5,
      "top_neurons": [
        665,
        3,
        92,
        279,
        247,
        110,
        136,
        607,
        142,
        450,
        395,
        417,
        682,
        108,
        236,
        370,
        455,
        106,
        112,
        179,
        117,
        617,
        249,
        346,
        578,
        528,
        590,
        519,
        57,
        26,
        458,
        764,
        287,
        652,
        60,
        385,
        25,
        722,
        470,
        488,
        497,
        252,
        231,
        163,
        389,
        437,
        1,
        126,
        34,
        589
      ],
      "max_effect_size": 0.5827178650082674,
      "mean_top_effect": 0.46443759418333797,
      "ablation_test": {
        "faithful_entropy_change": 0.0658728003501892,
        "unfaithful_entropy_change": 0.06838004589080811,
        "differential_effect": -0.002507245540618902,
        "overall_change": 0.06712642312049866,
        "p_value": 2.302408952871347e-07,
        "significant": 