{
  "timestamp": "2025-08-02T14:44:54.708276",
  "model": "gpt2-small",
  "device": "cuda",
  "analysis_type": "REAL_NEURAL_MECHANISTIC_INTERPRETABILITY",
  "layer_analysis": {
    "layer_7": {
      "n_significant": 5,
      "top_neurons": [
        665,
        3,
        92,
        279,
        247,
        110,
        136,
        607,
        142,
        450,
        395,
        417,
        682,
        108,
        236,
        370,
        455,
        106,
        112,
        179,
        117,
        617,
        249,
        346,
        578,
        528,
        590,
        519,
        57,
        26,
        458,
        764,
        287,
        652,
        60,
        385,
        25,
        722,
        470,
        488,
        497,
        252,
        231,
        163,
        389,
        437,
        1,
        126,
        34,
        589
      ],
      "max_effect_size": 0.5827178650082674,
      "mean_top_effect": 0.46443759418333797,
      "ablation_test": {
        "faithful_entropy_change": 0.0658728003501892,
        "unfaithful_entropy_change": 0.06838004589080811,
        "differential_effect": -0.002507245540618902,
        "overall_change": 0.06712642312049866,
        "p_value": 2.302408952871347e-07,
        "significant": true
      },
      "patching_test": {
        "mean_entropy_change": 0.1702561855316162,
        "std_entropy_change": 0.060431179456024504
      }
    },
    "layer_8": {
      "n_significant": 5,
      "top_neurons": [
        455,
        665,
        236,
        247,
        57,
        110,
        136,
        395,
        324,
        400,
        117,
        69,
        578,
        360,
        462,
        607,
        3,
        488,
        497,
        407,
        279,
        658,
        205,
        163,
        519,
        284,
        230,
        450,
        494,
        120,
        233,
        323,
        92,
        287,
        126,
        166,
        224,
        151,
        511,
        91,
        705,
        722,
        142,
        610,
        507,
        682,
        26,
        283,
        611,
        389
      ],
      "max_effect_size": 0.5166102570002715,
      "mean_top_effect": 0.4472078356913499,
      "ablation_test": {
        "faithful_entropy_change": 0.29103039503097533,
        "unfaithful_entropy_change": 0.30355961322784425,
        "differential_effect": -0.012529218196868919,
        "overall_change": 0.2972950041294098,
        "p_value": 3.461410718684414e-25,
        "significant": true
      },
      "patching_test": {
        "mean_entropy_change": 0.22905488014221193,
        "std_entropy_change": 0.06619578692662505
      }
    },
    "layer_9": {
      "n_significant": 2,
      "top_neurons": [
        578,
        3,
        57,
        455,
        295,
        499,
        366,
        108,
        607,
        230,
        236,
        180,
        632,
        212,
        110,
        69,
        497,
        665,
        448,
        206,
        283,
        605,
        705,
        381,
        34,
        253,
        78,
        224,
        217,
        247,
        682,
        142,
        326,
        151,
        164,
        146,
        650,
        112,
        187,
        640,
        488,
        389,
        395,
        722,
        541,
        228,
        599,
        203,
        706,
        346
      ],
      "max_effect_size": 0.48756241159392955,
      "mean_top_effect": 0.40102806351448905,
      "ablation_test": {
        "faithful_entropy_change": 0.2117972493171692,
        "unfaithful_entropy_change": 0.2175261616706848,
        "differential_effect": -0.005728912353515608,
        "overall_change": 0.214661705493927,
        "p_value": 8.993090700913064e-23,
        "significant": true
      },
      "patching_test": {
        "mean_entropy_change": 0.14614129066467285,
        "std_entropy_change": 0.023833571131148527
      }
    },
    "layer_10": {
      "n_significant": 0,
      "top_neurons": [
        3,
        578,
        430,
        605,
        389,
        230,
        295,
        682,
        304,
        366,
        212,
        541,
        180,
        545,
        705,
        314,
        599,
        453,
        678,
        650,
        126,
        499,
        228,
        283,
        236,
        488,
        687,
        706,
        163,
        123,
        108,
        426,
        141,
        110,
        632,
        381,
        714,
        293,
        316,
        57,
        28,
        112,
        455,
        699,
        78,
        253,
        149,
        330,
        481,
        270
      ],
      "max_effect_size": 0.41370330226531943,
      "mean_top_effect": 0.3753903930719995,
      "ablation_test": {
        "faithful_entropy_change": 0.24339306354522705,
        "unfaithful_entropy_change": 0.2557055115699768,
        "differential_effect": -0.012312448024749734,
        "overall_change": 0.24954928755760192,
        "p_value": 1.798879357162648e-22,
        "significant": true
      },
      "patching_test": {
        "mean_entropy_change": 0.1700063705444336,
        "std_entropy_change": 0.04515261973287326
      }
    },
    "layer_11": {
      "n_significant": 0,
      "top_neurons": [
        682,
        499,
        605,
        283,
        650,
        541,
        295,
        228,
        678,
        430,
        123,
        582,
        126,
        516,
        448,
        78,
        212,
        488,
        57,
        366,
        578,
        180,
        496,
        381,
        28,
        705,
        640,
        706,
        116,
        687,
        599,
        568,
        175,
        426,
        545,
        702,
        217,
        316,
        374,
        297,
        330,
        163,
        236,
        387,
        224,
        203,
        395,
        453,
        304,
        721
      ],
      "max_effect_size": 0.3611452072029792,
      "mean_top_effect": 0.33836542722921265,
      "ablation_test": {
        "faithful_entropy_change": -0.2620020270347595,
        "unfaithful_entropy_change": -0.24407871961593627,
        "differential_effect": -0.017923307418823226,
        "overall_change": -0.2530403733253479,
        "p_value": 2.737385878533686e-11,
        "significant": true
      },
      "patching_test": {
        "mean_entropy_change": 0.30663137435913085,
        "std_entropy_change": 0.10639847107156934
      }
    }
  },
  "best_layer": 11,
  "best_effect": 0.017923307418823226,
  "validation_test": {
    "faithful_entropy_change": -0.2620020270347595,
    "unfaithful_entropy_change": -0.24407871961593627,
    "differential_effect": -0.017923307418823226,
    "overall_change": -0.2530403733253479,
    "p_value": 2.737385878533686e-11,
    "significant": true
  }
}